Standard,Version Number,Effective Date,Category Number,,Requirement Number,Requirement Description,Requirement Simple Description,Ratings,Rating Description
NIST SP 800-53,3,4/14/2017,1,Access Control,1,"The organization develops, disseminates, and reviews/updates [ Assignment: organization-defined frequency ]: A formal, documented access control policy that addresses purpose, scope, roles, responsibilities, management commitment, coordination among organizational entities, and compliance; and Formal, documented procedures to facilitate the implementation of the access control policy and associated access controls. ",Access Control Policy and Procedures,Open-O,System is not compliant with this requirement
NIST SP 800-53,3,4/14/2017,1,Access Control,2,"The organization manages information system accounts, including: Identifying account types (i.e., individual, group, system, application, guest/anonymous, and temporary); Establishing conditions for group membership; Identifying authorized users of the information system and specifying access privileges; Requiring appropriate approvals for requests to establish accounts; Establishing, activating, modifying, disabling, and removing accounts; Specifically authorizing and monitoring the use of guest/anonymous and temporary accounts; Notifying account managers when temporary accounts are no longer required and when information system users are terminated, transferred, or information system usage or need-to-know/need-to-share changes; Deactivating: (i) temporary accounts that are no longer required; and (ii) accounts of terminated or transferred users; Granting access to the system based on: (i) a valid access authorization; (ii) intended system usage; and (iii) other attributes as required by the organization or associated missions/business functions; and Reviewing accounts [ Assignment: organization-defined frequency ]. ",Account Management,Not a Finding-FN,System is compliant with this standard
NIST SP 800-53,3,4/14/2017,1,Access Control,3,The information system enforces approved authorizations for logical access to the system in accordance with applicable policy. ,Access Enforcement,Not Applicable-NA,Requirement is not applicable to this system
NIST SP 800-53,3,4/14/2017,1,Access Control,4,The information system enforces approved authorizations for controlling the flow of information within the system and between interconnected systems in accordance with applicable policy. ,Information Flow Enforcement,,
NIST SP 800-53,3,4/14/2017,1,Access Control,5,"The organization: Separates duties of individuals as necessary, to prevent malevolent activity without collusion; Documents separation of duties; and Implements separation of duties through assigned information system access authorizations. ",Separation of Duties,,
NIST SP 800-53,3,4/14/2017,1,Access Control,6,"The organization employs the concept of least privilege, allowing only authorized accesses for users (and processes acting on behalf of users) which are necessary to accomplish assigned tasks in accordance with organizational missions and business functions. ",Least Privilege,,
NIST SP 800-53,3,4/14/2017,1,Access Control,7,The information system: Enforces a limit of [ Assignment: organization-defined number ] consecutive invalid login attempts by a user during a [ Assignment: organization-defined time period ]; and Automatically [ Selection: locks the account/node for an [ Assignment: organization-defined time period ] ; locks the account/node until released by an administrator; delays next login prompt according to [ Assignment: organization-defined delay algorithm ]] when the maximum number of unsuccessful attempts is exceeded. The control applies regardless of whether the login occurs via a local or network connection. ,Unsuccessful Login Attempts,,
NIST SP 800-53,3,4/14/2017,1,Access Control,8,"The information system: Displays an approved system use notification message or banner before granting access to the system that provides privacy and security notices consistent with applicable federal laws, Executive Orders, directives, policies, regulations, standards, and guidance and states that: (i) users are accessing a U.S. Government information system; (ii) system usage may be monitored, recorded, and subject to audit; (iii) unauthorized use of the system is prohibited and subject to criminal and civil penalties; and (iv) use of the system indicates consent to monitoring and recording; Retains the notification message or banner on the screen until users take explicit actions to log on to or further access the information system; and For publicly accessible systems: (i) displays the system use information when appropriate, before granting further access; (ii) displays references, if any, to monitoring, recording, or auditing that are consistent with privacy accommodations for such systems that generally prohibit those activities; and (iii) includes in the notice given to public users of the information system, a description of the authorized uses of the system. ",System Use Notification,,
NIST SP 800-53,3,4/14/2017,1,Access Control,9,"The information system notifies the user, upon successful logon (access), of the date and time of the last logon (access). ",Previous Logon (Access) Notification,,
NIST SP 800-53,3,4/14/2017,1,Access Control,10,The information system limits the number of concurrent sessions for each system account to [ Assignment: organization-defined number ]. ,Concurrent Session Control,,
NIST SP 800-53,3,4/14/2017,1,Access Control,11,The information system: Prevents further access to the system by initiating a session lock after [ Assignment: organization-defined time period ] of inactivity or upon receiving a request from a user; and Retains the session lock until the user reestablishes access using established identification and authentication procedures. ,Session Lock,,
NIST SP 800-53,3,4/14/2017,1,Access Control,12,[ Withdrawn: Incorporated into SC-10 ]. ,Session Termination,,
NIST SP 800-53,3,4/14/2017,1,Access Control,13,[ Withdrawn: Incorporated into AC-2 and AU-6 ]. ,Supervision and Review Access Control,,
NIST SP 800-53,3,4/14/2017,1,Access Control,14,"The organization: Identifies specific user actions that can be performed on the information system without identification or authentication; and Documents and provides supporting rationale in the security plan for the information system, user actions not requiring identification and authentication. ",Permitted Actions Without Identification Or Authentication,,
NIST SP 800-53,3,4/14/2017,1,Access Control,15,[ Withdrawn: Incorporated into MP-3 ]. ,Automated Marking,,
NIST SP 800-53,3,4/14/2017,1,Access Control,16,"The information system supports and maintains the binding of [ Assignment: organization-defined security attributes ] to information in storage, in process, and in transmission. ",Security Attributes,,
NIST SP 800-53,3,4/14/2017,1,Access Control,17,The organization: Documents allowed methods of remote access to the information system; Establishes usage restrictions and implementation guidance for each allowed remote access method; Monitors for unauthorized remote access to the information system; Authorizes remote access to the information system prior to connection; and Enforces requirements for remote connections to the information system. ,Remote Access,,
NIST SP 800-53,3,4/14/2017,1,Access Control,18,The organization: Establishes usage restrictions and implementation guidance for wireless access; Monitors for unauthorized wireless access to the information system; Authorizes wireless access to the information system prior to connection; and Enforces requirements for wireless connections to the information system. ,Wireless Access,,
NIST SP 800-53,3,4/14/2017,1,Access Control,19,The organization: Establishes usage restrictions and implementation guidance for organization-controlled mobile devices; Authorizes connection of mobile devices meeting organizational usage restrictions and implementation guidance to organizational information systems; Monitors for unauthorized connections of mobile devices to organizational information systems; Enforces requirements for the connection of mobile devices to organizational information systems; Disables information system functionality that provides the capability for automatic execution of code on mobile devices without user direction; Issues specially configured mobile devices to individuals traveling to locations that the organization deems to be of significant risk in accordance with organizational policies and procedures; and Applies [ Assignment: organization-defined inspection and preventative measures ] to mobile devices returning from locations that the organization deems to be of significant risk in accordance with organizational policies and procedures. ,Access Control for Mobile Devices,,
NIST SP 800-53,3,4/14/2017,1,Access Control,20,"The organization establishes terms and conditions, consistent with any trust relationships established with other organizations owning, operating, and/or maintaining external information systems, allowing authorized individuals to: Access the information system from the external information systems; and Process, store, and/or transmit organization-controlled information using the external information systems. ",Use of External Information Systems,,
NIST SP 800-53,3,4/14/2017,1,Access Control,21,The organization: Facilitates information sharing by enabling authorized users to determine whether access authorizations assigned to the sharing partner match the access restrictions on the information for [ Assignment: organization-defined information sharing circumstances where user discretion is required ]; and Employs [ Assignment: list of organization-defined information sharing circumstances and automated mechanisms or manual processes required ] to assist users in making information sharing/collaboration decisions. ,User-based Collaboration and Information Sharing,,
NIST SP 800-53,3,4/14/2017,1,Access Control,22,"The organization: Designates individuals authorized to post information onto an organizational information system that is publicly accessible; Trains authorized individuals to ensure that publicly accessible information does not contain nonpublic information; Reviews the proposed content of publicly accessible information for nonpublic information prior to posting onto the organizational information system; Reviews the content on the publicly accessible organizational information system for nonpublic information [ Assignment: organization-defined frequency ]; and Removes nonpublic information from the publicly accessible organizational information system, if discovered. ",Publicly Accessible Content,,
NIST SP 800-53,3,4/14/2017,2,Awareness and Training,1,"The organization develops, disseminates, and reviews/updates [ Assignment: organization-defined frequency ]: A formal, documented security awareness and training policy that addresses purpose, scope, roles, responsibilities, management commitment, coordination among organizational entities, and compliance; and Formal, documented procedures to facilitate the implementation of the security awareness and training policy and associated security awareness and training controls. ",Security Awareness and Training Policy and Procedures,,
NIST SP 800-53,3,4/14/2017,2,Awareness and Training,2,"The organization provides basic security awareness training to all information system users (including managers, senior executives, and contractors) as part of initial training for new users, when required by system changes, and [ Assignment: organization-defined frequency ] thereafter. ",Security Awareness,,
NIST SP 800-53,3,4/14/2017,2,Awareness and Training,3,The organization provides role-based security-related training: (i) before authorizing access to the system or performing assigned duties; (ii) when required by system changes; and (iii) [ Assignment: organization-defined frequency ] thereafter. ,Security Training,,
NIST SP 800-53,3,4/14/2017,2,Awareness and Training,4,The organization: Documents and monitors individual information system security training activities including basic security awareness training and specific information system security training; and Retains individual training records for [ Assignment: organization-defined time period ]. ,Security Training Records,,
NIST SP 800-53,3,4/14/2017,2,Awareness and Training,5,"The organization establishes and institutionalizes contact with selected groups and associations within the security community: - To facilitate ongoing security education and training for organizational personnel; - To stay up to date with the latest recommended security practices, techniques, and technologies; and - To share current security-related information including threats, vulnerabilities, and incidents. ",Contacts With Security Groups and Associations,,
NIST SP 800-53,3,4/14/2017,3,Audit and Accountability,1,"The organization develops, disseminates, and reviews/updates [ Assignment: organization-defined frequency ]: A formal, documented audit and accountability policy that addresses purpose, scope, roles, responsibilities, management commitment, coordination among organizational entities, and compliance; and Formal, documented procedures to facilitate the implementation of the audit and accountability policy and associated audit and accountability controls. ",Audit and Accountability Policy and Procedures,,
NIST SP 800-53,3,4/14/2017,3,Audit and Accountability,2,"The organization: Determines, based on a risk assessment and mission/business needs, that the information system must be capable of auditing the following events: [ Assignment: organization-defined list of auditable events ]; Coordinates the security audit function with other organizational entities requiring audit-related information to enhance mutual support and to help guide the selection of auditable events; Provides a rationale for why the list of auditable events are deemed to be adequate to support after-the-fact investigations of security incidents; and Determines, based on current threat information and ongoing assessment of risk, that the following events are to be audited within the information system: [ Assignment: organization-defined subset of the auditable events defined in AU-2 a. to be audited along with the frequency of (or situation requiring) auditing for each identified event ]. ",Auditable Events,,
NIST SP 800-53,3,4/14/2017,3,Audit and Accountability,3,"The information system produces audit records that contain sufficient information to, at a minimum, establish what type of event occurred, when (date and time) the event occurred, where the event occurred, the source of the event, the outcome (success or failure) of the event, and the identity of any user/subject associated with the event. ",Content of Audit Records,,
NIST SP 800-53,3,4/14/2017,3,Audit and Accountability,4,The organization allocates audit record storage capacity and configures auditing to reduce the likelihood of such capacity being exceeded. ,Audit Storage Capacity,,
NIST SP 800-53,3,4/14/2017,3,Audit and Accountability,5,"The information system: Alerts designated organizational officials in the event of an audit processing failure; and Takes the following additional actions: [ Assignment: organization-defined actions to be taken (e.g., shut down information system, overwrite oldest audit records, stop generating audit records) ]. ",Response To Audit Processing Failures,,
NIST SP 800-53,3,4/14/2017,3,Audit and Accountability,6,"The organization: Reviews and analyzes information system audit records [ Assignment: organization-defined frequency ] for indications of inappropriate or unusual activity, and reports findings to designated organizational officials; and Adjusts the level of audit review, analysis, and reporting within the information system when there is a change in risk to organizational operations, organizational assets, individuals, other organizations, or the Nation based on law enforcement information, intelligence information, or other credible sources of information. ","Audit Review, Analysis, and Reporting",,
NIST SP 800-53,3,4/14/2017,3,Audit and Accountability,7,The information system provides an audit reduction and report generation capability. ,Audit Reduction and Report Generation,,
NIST SP 800-53,3,4/14/2017,3,Audit and Accountability,8,The information system uses internal system clocks to generate time stamps for audit records. ,Time Stamps,,
NIST SP 800-53,3,4/14/2017,3,Audit and Accountability,9,"The information system protects audit information and audit tools from unauthorized access, modification, and deletion. ",Protection of Audit Information,,
NIST SP 800-53,3,4/14/2017,3,Audit and Accountability,10,The information system protects against an individual falsely denying having performed a particular action. ,Non-repudiation,,
NIST SP 800-53,3,4/14/2017,3,Audit and Accountability,11,The organization retains audit records for [ Assignment: organization-defined time period consistent with records retention policy ] to provide support for after-the-fact investigations of security incidents and to meet regulatory and organizational information retention requirements. ,Audit Record Retention,,
NIST SP 800-53,3,4/14/2017,3,Audit and Accountability,12,The information system: Provides audit record generation capability for the list of auditable events defined in AU-2 at [ Assignment: organization-defined information system components ]; Allows designated organizational personnel to select which auditable events are to be audited by specific components of the system; and Generates audit records for the list of audited events defined in AU-2 with the content as defined in AU-3. ,Audit Generation,,
NIST SP 800-53,3,4/14/2017,3,Audit and Accountability,13,The organization monitors open source information for evidence of unauthorized exfiltration or disclosure of organizational information [ Assignment: organization-defined frequency ]. ,Monitoring for Information Disclosure,,
NIST SP 800-53,3,4/14/2017,3,Audit and Accountability,14,The information system provides the capability to: Capture/record and log all content related to a user session; and Remotely view/hear all content related to an established user session in real time. ,Session Audit,,
NIST SP 800-53,3,4/14/2017,4,Security Assessment and Authorization,1,"The organization develops, disseminates, and reviews/updates [ Assignment: organization-defined frequency ]: Formal, documented security assessment and authorization policies that address purpose, scope, roles, responsibilities, management commitment, coordination among organizational entities, and compliance; and Formal, documented procedures to facilitate the implementation of the security assessment and authorization policies and associated security assessment and authorization controls. ",Security Assessment and Authorization Policies and Procedures,,
NIST SP 800-53,3,4/14/2017,4,Security Assessment and Authorization,2,"The organization: Develops a security assessment plan that describes the scope of the assessment including: Security controls and control enhancements under assessment; Assessment procedures to be used to determine security control effectiveness; and Assessment environment, assessment team, and assessment roles and responsibilities; Assesses the security controls in the information system [ Assignment: organization-defined frequency ] to determine the extent to which the controls are implemented correctly, operating as intended, and producing the desired outcome with respect to meeting the security requirements for the system; Produces a security assessment report that documents the results of the assessment; and Provides the results of the security control assessment, in writing, to the authorizing official or authorizing official designated representative. ",Security Assessments,,
NIST SP 800-53,3,4/14/2017,4,Security Assessment and Authorization,3,"The organization: Authorizes connections from the information system to other information systems outside of the authorization boundary through the use of Interconnection Security Agreements; Documents, for each connection, the interface characteristics, security requirements, and the nature of the information communicated; and Monitors the information system connections on an ongoing basis verifying enforcement of security requirements. ",Information System Connections,,
NIST SP 800-53,3,4/14/2017,4,Security Assessment and Authorization,4,[ Withdrawn: Incorporated into CA-2 ]. ,Security Certification,,
NIST SP 800-53,3,4/14/2017,4,Security Assessment and Authorization,5,"The organization: Develops a plan of action and milestones for the information system to document the organizations planned remedial actions to correct weaknesses or deficiencies noted during the assessment of the security controls and to reduce or eliminate known vulnerabilities in the system; and Updates existing plan of action and milestones [ Assignment: organization-defined frequency ] based on the findings from security controls assessments, security impact analyses, and continuous monitoring activities. ",Plan of Action and Milestones,,
NIST SP 800-53,3,4/14/2017,4,Security Assessment and Authorization,6,The organization: Assigns a senior-level executive or manager to the role of authorizing official for the information system; Ensures that the authorizing official authorizes the information system for processing before commencing operations; and Updates the security authorization [ Assignment: organization-defined frequency ]. ,Security Authorization,,
NIST SP 800-53,3,4/14/2017,4,Security Assessment and Authorization,7,The organization establishes a continuous monitoring strategy and implements a continuous monitoring program that includes: A configuration management process for the information system and its constituent components; A determination of the security impact of changes to the information system and environment of operation; Ongoing security control assessments in accordance with the organizational continuous monitoring strategy; and Reporting the security state of the information system to appropriate organizational officials [ Assignment: organization-defined frequency ]. ,Continuous Monitoring,,
NIST SP 800-53,3,4/14/2017,5,Configuration Management,1,"The organization develops, disseminates, and reviews/updates [ Assignment: organization-defined frequency ]: A formal, documented configuration management policy that addresses purpose, scope, roles, responsibilities, management commitment, coordination among organizational entities, and compliance; and Formal, documented procedures to facilitate the implementation of the configuration management policy and associated configuration management controls. ",Configuration Management Policy and Procedures,,
NIST SP 800-53,3,4/14/2017,5,Configuration Management,2,"The organization develops, documents, and maintains under configuration control, a current baseline configuration of the information system. ",Baseline Configuration,,
NIST SP 800-53,3,4/14/2017,5,Configuration Management,3,"The organization: Determines the types of changes to the information system that are configuration controlled; Approves configuration-controlled changes to the system with explicit consideration for security impact analyses; Documents approved configuration-controlled changes to the system; Retains and reviews records of configuration-controlled changes to the system; Audits activities associated with configuration-controlled changes to the system; and Coordinates and provides oversight for configuration change control activities through [ Assignment: organization-defined configuration change control element (e.g., committee, board ] that convenes [ Selection: (one or more): [ Assignment: organization-defined frequency ] ; [ Assignment: organization-defined configuration change conditions ]]. ",Configuration Change Control,,
NIST SP 800-53,3,4/14/2017,5,Configuration Management,4,The organization analyzes changes to the information system to determine potential security impacts prior to change implementation. ,Security Impact Analysis,,
NIST SP 800-53,3,4/14/2017,5,Configuration Management,5,"The organization defines, documents, approves, and enforces physical and logical access restrictions associated with changes to the information system. ",Access Restrictions for Change,,
NIST SP 800-53,3,4/14/2017,5,Configuration Management,6,"The organization: Establishes and documents mandatory configuration settings for information technology products employed within the information system using [ Assignment: organization-defined security configuration checklists ] that reflect the most restrictive mode consistent with operational requirements; Implements the configuration settings; Identifies, documents, and approves exceptions from the mandatory configuration settings for individual components within the information system based on explicit operational requirements; and Monitors and controls changes to the configuration settings in accordance with organizational policies and procedures. ",Configuration Settings,,
NIST SP 800-53,3,4/14/2017,5,Configuration Management,7,"The organization configures the information system to provide only essential capabilities and specifically prohibits or restricts the use of the following functions, ports, protocols, and/or services: [ Assignment: organization-defined list of prohibited or restricted functions, ports, protocols, and/or services ]. ",Least Functionality,,
NIST SP 800-53,3,4/14/2017,5,Configuration Management,8,"The organization develops, documents, and maintains an inventory of information system components that: Accurately reflects the current information system; Is consistent with the authorization boundary of the information system; Is at the level of granularity deemed necessary for tracking and reporting; Includes [ Assignment: organization-defined information deemed necessary to achieve effective property accountability ]; and Is available for review and audit by designated organizational officials. ",Information System Component Inventory,,
NIST SP 800-53,3,4/14/2017,5,Configuration Management,9,"The organization develops, documents, and implements a configuration management plan for the information system that: Addresses roles, responsibilities, and configuration management processes and procedures; Defines the configuration items for the information system and when in the system development life cycle the configuration items are placed under configuration management; and Establishes the means for identifying configuration items throughout the system development life cycle and a process for managing the configuration of the configuration items. ",Configuration Management Plan,,
NIST SP 800-53,3,4/14/2017,6,Contingency Planning,1,"The organization develops, disseminates, and reviews/updates [ Assignment: organization-defined frequency ]: A formal, documented contingency planning policy that addresses purpose, scope, roles, responsibilities, management commitment, coordination among organizational entities, and compliance; and Formal, documented procedures to facilitate the implementation of the contingency planning policy and associated contingency planning controls. ",Contingency Planning Policy and Procedures,,
NIST SP 800-53,3,4/14/2017,6,Contingency Planning,2,"The organization: Develops a contingency plan for the information system that: Identifies essential missions and business functions and associated contingency requirements; Provides recovery objectives, restoration priorities, and metrics; Addresses contingency roles, responsibilities, assigned individuals with contact information; Addresses maintaining essential missions and business functions despite an information system disruption, compromise, or failure; Addresses eventual, full information system restoration without deterioration of the security measures originally planned and implemented; and Is reviewed and approved by designated officials within the organization; Distributes copies of the contingency plan to [ Assignment: organization-defined list of key contingency personnel (identified by name and/or by role) and organizational elements ]; Coordinates contingency planning activities with incident handling activities; Reviews the contingency plan for the information system [ Assignment: organization-defined frequency ]; Revises the contingency plan to address changes to the organization, information system, or environment of operation and problems encountered during contingency plan implementation, execution, or testing; and Communicates contingency plan changes to [ Assignment: organization-defined list of key contingency personnel (identified by name and/or by role) and organizational elements ]. ",Contingency Plan,,
NIST SP 800-53,3,4/14/2017,6,Contingency Planning,3,The organization trains personnel in their contingency roles and responsibilities with respect to the information system and provides refresher training [ Assignment: organization-defined frequency ]. ,Contingency Training,,
NIST SP 800-53,3,4/14/2017,6,Contingency Planning,4,The organization: Tests and/or exercises the contingency plan for the information system [ Assignment: organization-defined frequency ] using [ Assignment: organization-defined tests and/or exercises ] to determine the plans effectiveness and the organizations readiness to execute the plan; and Reviews the contingency plan test/exercise results and initiates corrective actions. ,Contingency Plan Testing and Exercises,,
NIST SP 800-53,3,4/14/2017,6,Contingency Planning,5,[ Withdrawn: Incorporated into CP-2 ]. ,Contingency Plan Update,,
NIST SP 800-53,3,4/14/2017,6,Contingency Planning,6,The organization establishes an alternate storage site including necessary agreements to permit the storage and recovery of information system backup information. ,Alternate Storage Site,,
NIST SP 800-53,3,4/14/2017,6,Contingency Planning,7,The organization: Establishes an alternate processing site including necessary agreements to permit the resumption of information system operations for essential missions and business functions within [ Assignment: organization-defined time period consistent with recovery time objectives ] when the primary processing capabilities are unavailable; and Ensures that equipment and supplies required to resume operations are available at the alternate site or contracts are in place to support delivery to the site in time to support the organization-defined time period for resumption. ,Alternate Processing Site,,
NIST SP 800-53,3,4/14/2017,6,Contingency Planning,8,The organization establishes alternate telecommunications services including necessary agreements to permit the resumption of information system operations for essential missions and business functions within [ Assignment: organization-defined time period ] when the primary telecommunications capabilities are unavailable. ,Telecommunications Services,,
NIST SP 800-53,3,4/14/2017,6,Contingency Planning,9,The organization: Conducts backups of user-level information contained in the information system [ Assignment: organization-defined frequency consistent with recovery time and recovery point objectives ]; Conducts backups of system-level information contained in the information system [ Assignment: organization-defined frequency consistent with recovery time and recovery point objectives ]; Conducts backups of information system documentation including security-related documentation [ Assignment: organization-defined frequency consistent with recovery time and recovery point objectives ]; and Protects the confidentiality and integrity of backup information at the storage location. ,Information System Backup,,
NIST SP 800-53,3,4/14/2017,6,Contingency Planning,10,"The organization provides for the recovery and reconstitution of the information system to a known state after a disruption, compromise, or failure. ",Information System Recovery and Reconstitution,,
NIST SP 800-53,3,4/14/2017,7,Identification and Authentication,1,"The organization develops, disseminates, and reviews/updates [ Assignment: organization-defined frequency ]: A formal, documented identification and authentication policy that addresses purpose, scope, roles, responsibilities, management commitment, coordination among organizational entities, and compliance; and Formal, documented procedures to facilitate the implementation of the identification and authentication policy and associated identification and authentication controls. ",Identification and Authentication Policy and Procedures,,
NIST SP 800-53,3,4/14/2017,7,Identification and Authentication,2,The information system uniquely identifies and authenticates organizational users (or processes acting on behalf of organizational users). ,Identification and Authentication (Organizational Users),,
NIST SP 800-53,3,4/14/2017,7,Identification and Authentication,3,The information system uniquely identifies and authenticates [ Assignment: organization-defined list of specific and/or types of devices ] before establishing a connection. ,Device Identification and Authentication,,
NIST SP 800-53,3,4/14/2017,7,Identification and Authentication,4,The organization manages information system identifiers for users and devices by: Receiving authorization from a designated organizational official to assign a user or device identifier; Selecting an identifier that uniquely identifies an individual or device; Assigning the user identifier to the intended party or the device identifier to the intended device; Preventing reuse of user or device identifiers for [ Assignment: organization-defined time period ]; and Disabling the user identifier after [ Assignment: organization-defined time period of inactivity ]. ,Identifier Management,,
NIST SP 800-53,3,4/14/2017,7,Identification and Authentication,5,"The organization manages information system authenticators for users and devices by: Verifying, as part of the initial authenticator distribution, the identity of the individual and/or device receiving the authenticator; Establishing initial authenticator content for authenticators defined by the organization; Ensuring that authenticators have sufficient strength of mechanism for their intended use; Establishing and implementing administrative procedures for initial authenticator distribution, for lost/compromised or damaged authenticators, and for revoking authenticators; Changing default content of authenticators upon information system installation; Establishing minimum and maximum lifetime restrictions and reuse conditions for authenticators (if appropriate); Changing/refreshing authenticators [ Assignment: organization-defined time period by authenticator type ]; Protecting authenticator content from unauthorized disclosure and modification; and Requiring users to take, and having devices implement, specific measures to safeguard authenticators. ",Authenticator Management,,
NIST SP 800-53,3,4/14/2017,7,Identification and Authentication,6,The information system obscures feedback of authentication information during the authentication process to protect the information from possible exploitation/use by unauthorized individuals ,Authenticator Feedback,,
NIST SP 800-53,3,4/14/2017,7,Identification and Authentication,7,"The information system uses mechanisms for authentication to a cryptographic module that meet the requirements of applicable federal laws, Executive Orders, directives, policies, regulations, standards, and guidance for such authentication. ",Cryptographic Module Authentication,,
NIST SP 800-53,3,4/14/2017,7,Identification and Authentication,8,The information system uniquely identifies and authenticates non-organizational users (or processes acting on behalf of non-organizational users). ,Identification and Authentication (Non-organizational Users),,
NIST SP 800-53,3,4/14/2017,8,Incident Response,1,"The organization develops, disseminates, and reviews/updates [ Assignment: organization-defined frequency ]: A formal, documented incident response policy that addresses purpose, scope, roles, responsibilities, management commitment, coordination among organizational entities, and compliance; and Formal, documented procedures to facilitate the implementation of the incident response policy and associated incident response controls. ",Incident Response Policy and Procedures,,
NIST SP 800-53,3,4/14/2017,8,Incident Response,2,The organization: Trains personnel in their incident response roles and responsibilities with respect to the information system; and Provides refresher training [ Assignment: organization-defined frequency ]. ,Incident Response Training,,
NIST SP 800-53,3,4/14/2017,8,Incident Response,3,The organization tests and/or exercises the incident response capability for the information system [ Assignment: organization-defined frequency ] using [ Assignment: organization-defined tests and/or exercises ] to determine the incident response effectiveness and documents the results. ,Incident Response Testing and Exercises,,
NIST SP 800-53,3,4/14/2017,8,Incident Response,4,"The organization: Implements an incident handling capability for security incidents that includes preparation, detection and analysis, containment, eradication, and recovery; Coordinates incident handling activities with contingency planning activities; and Incorporates lessons learned from ongoing incident handling activities into incident response procedures, training, and testing/exercises, and implements the resulting changes accordingly. ",Incident Handling,,
NIST SP 800-53,3,4/14/2017,8,Incident Response,5,The organization tracks and documents information system security incidents. ,Incident Monitoring,,
NIST SP 800-53,3,4/14/2017,8,Incident Response,6,The organization: Requires personnel to report suspected security incidents to the organizational incident response capability within [ Assignment: organization-defined time-period ]; and Reports security incident information to designated authorities. ,Incident Reporting,,
NIST SP 800-53,3,4/14/2017,8,Incident Response,7,"The organization provides an incident response support resource, integral to the organizational incident response capability, that offers advice and assistance to users of the information system for the handling and reporting of security incidents. ",Incident Response Assistance,,
NIST SP 800-53,3,4/14/2017,8,Incident Response,8,"The organization: Develops an incident response plan that: Provides the organization with a roadmap for implementing its incident response capability; Describes the structure and organization of the incident response capability; Provides a high-level approach for how the incident response capability fits into the overall organization; Meets the unique requirements of the organization, which relate to mission, size, structure, and functions; Defines reportable incidents; Provides metrics for measuring the incident response capability within the organization. Defines the resources and management support needed to effectively maintain and mature an incident response capability; and Is reviewed and approved by designated officials within the organization; Distributes copies of the incident response plan to [ Assignment: organization-defined list of incident response personnel (identified by name and/or by role) and organizational elements ]; Reviews the incident response plan [ Assignment: organization-defined frequency ]; Revises the incident response plan to address system/organizational changes or problems encountered during plan implementation, execution, or testing; and Communicates incident response plan changes to [ Assignment: organization-defined list of incident response personnel (identified by name and/or by role) and organizational elements ]. ",Incident Response Plan,,
NIST SP 800-53,3,4/14/2017,9,Maintenance,1,"The organization develops, disseminates, and reviews/updates [ Assignment: organization-defined frequency ]: A formal, documented information system maintenance policy that addresses purpose, scope, roles, responsibilities, management commitment, coordination among organizational entities, and compliance; and Formal, documented procedures to facilitate the implementation of the information system maintenance policy and associated system maintenance controls. ",System Maintenance Policy and Procedures,,
NIST SP 800-53,3,4/14/2017,9,Maintenance,2,"The organization: Schedules, performs, documents, and reviews records of maintenance and repairs on information system components in accordance with manufacturer or vendor specifications and/or organizational requirements; Controls all maintenance activities, whether performed on site or remotely and whether the equipment is serviced on site or removed to another location; Requires that a designated official explicitly approve the removal of the information system or system components from organizational facilities for off-site maintenance or repairs; Sanitizes equipment to remove all information from associated media prior to removal from organizational facilities for off-site maintenance or repairs; and Checks all potentially impacted security controls to verify that the controls are still functioning properly following maintenance or repair actions. ",Controlled Maintenance,,
NIST SP 800-53,3,4/14/2017,9,Maintenance,3,"The organization approves, controls, monitors the use of, and maintains on an ongoing basis, information system maintenance tools. ",Maintenance Tools,,
NIST SP 800-53,3,4/14/2017,9,Maintenance,4,"The organization: Authorizes, monitors, and controls non-local maintenance and diagnostic activities; Allows the use of non-local maintenance and diagnostic tools only as consistent with organizational policy and documented in the security plan for the information system; Employs strong identification and authentication techniques in the establishment of non-local maintenance and diagnostic sessions; Maintains records for non-local maintenance and diagnostic activities; and Terminates all sessions and network connections when non-local maintenance is completed. ",Non-local Maintenance,,
NIST SP 800-53,3,4/14/2017,9,Maintenance,5,The organization: Establishes a process for maintenance personnel authorization and maintains a current list of authorized maintenance organizations or personnel; and Ensures that personnel performing maintenance on the information system have required access authorizations or designates organizational personnel with required access authorizations and technical competence deemed necessary to supervise information system maintenance when maintenance personnel do not possess the required access authorizations. ,Maintenance Personnel,,
NIST SP 800-53,3,4/14/2017,9,Maintenance,6,The organization obtains maintenance support and/or spare parts for [ Assignment: organization-defined list of security-critical information system components and/or key information technology components ] within [ Assignment: organization-defined time period ] of failure. ,Timely Maintenance,,
NIST SP 800-53,3,4/14/2017,10,Media Protection,1,"The organization develops, disseminates, and reviews/updates [ Assignment: organization-defined frequency ]: A formal, documented media protection policy that addresses purpose, scope, roles, responsibilities, management commitment, coordination among organizational entities, and compliance; and Formal, documented procedures to facilitate the implementation of the media protection policy and associated media protection controls. ",Media Protection Policy and Procedures,,
NIST SP 800-53,3,4/14/2017,10,Media Protection,2,The organization restricts access to [ Assignment: organization-defined types of digital and non-digital media ] to [ Assignment: organization-defined list of authorized individuals ] using [ Assignment: organization-defined security measures ]. ,Media Access,,
NIST SP 800-53,3,4/14/2017,10,Media Protection,3,"The organization: Marks, in accordance with organizational policies and procedures, removable information system media and information system output indicating the distribution limitations, handling caveats, and applicable security markings (if any) of the information; and Exempts [ Assignment: organization-defined list of removable media types ] from marking as long as the exempted items remain within [ Assignment: organization-defined controlled areas ]. ",Media Marking,,
NIST SP 800-53,3,4/14/2017,10,Media Protection,4,"The organization: Physically controls and securely stores [ Assignment: organization-defined types of digital and non-digital media ] within [ Assignment: organization-defined controlled areas ] using [ Assignment: organization-defined security measures ]; Protects information system media until the media are destroyed or sanitized using approved equipment, techniques, and procedures ",Media Storage,,
NIST SP 800-53,3,4/14/2017,10,Media Protection,5,The organization: Protects and controls [ Assignment: organization-defined types of digital and non-digital media ] during transport outside of controlled areas using [ Assignment: organization-defined security measures ]; Maintains accountability for information system media during transport outside of controlled areas; and Restricts the activities associated with transport of such media to authorized personnel. ,Media Transport,,
NIST SP 800-53,3,4/14/2017,10,Media Protection,6,"The organization: Sanitizes information system media, both digital and non-digital, prior to disposal, release out of organizational control, or release for reuse; and Employs sanitization mechanisms with strength and integrity commensurate with the classification or sensitivity of the information. ",Media Sanitization,,
NIST SP 800-53,3,4/14/2017,11,Physical and Environmental Protection,1,"The organization develops, disseminates, and reviews/updates [ Assignment: organization-defined frequency ]: A formal, documented physical and environmental protection policy that addresses purpose, scope, roles, responsibilities, management commitment, coordination among organizational entities, and compliance; and Formal, documented procedures to facilitate the implementation of the physical and environmental protection policy and associated physical and environmental protection controls. ",Physical and Environmental Protection Policy and Procedures,,
NIST SP 800-53,3,4/14/2017,11,Physical and Environmental Protection,2,"The organization: Develops and keeps current a list of personnel with authorized access to the facility where the information system resides (except for those areas within the facility officially designated as publicly accessible); Issues authorization credentials; Reviews and approves the access list and authorization credentials [ Assignment: organization-defined frequency ], removing from the access list personnel no longer requiring access. ",Physical Access Authorizations,,
NIST SP 800-53,3,4/14/2017,11,Physical and Environmental Protection,3,"The organization: Enforces physical access authorizations for all physical access points (including designated entry/exit points) to the facility where the information system resides (excluding those areas within the facility officially designated as publicly accessible); Verifies individual access authorizations before granting access to the facility; Controls entry to the facility containing the information system using physical access devices and/or guards; Controls access to areas officially designated as publicly accessible in accordance with the organizations assessment of risk; Secures keys, combinations, and other physical access devices; Inventories physical access devices [ Assignment: organization-defined frequency ]; and Changes combinations and keys [ Assignment: organization-defined frequency ] and when keys are lost, combinations are compromised, or individuals are transferred or terminated. ",Physical Access Control,,
NIST SP 800-53,3,4/14/2017,11,Physical and Environmental Protection,4,The organization controls physical access to information system distribution and transmission lines within organizational facilities. ,Access Control for Transmission Medium,,
NIST SP 800-53,3,4/14/2017,11,Physical and Environmental Protection,5,The organization controls physical access to information system output devices to prevent unauthorized individuals from obtaining the output. ,Access Control for Output Devices,,
NIST SP 800-53,3,4/14/2017,11,Physical and Environmental Protection,6,The organization: Monitors physical access to the information system to detect and respond to physical security incidents; Reviews physical access logs [ Assignment: organization-defined frequency ]; and Coordinates results of reviews and investigations with the organizations incident response capability. ,Monitoring Physical Access,,
NIST SP 800-53,3,4/14/2017,11,Physical and Environmental Protection,7,The organization controls physical access to the information system by authenticating visitors before authorizing access to the facility where the information system resides other than areas designated as publicly accessible. ,Visitor Control,,
NIST SP 800-53,3,4/14/2017,11,Physical and Environmental Protection,8,The organization: Maintains visitor access records to the facility where the information system resides (except for those areas within the facility officially designated as publicly accessible); and Reviews visitor access records [ Assignment: organization-defined frequency ]. ,Access Records,,
NIST SP 800-53,3,4/14/2017,11,Physical and Environmental Protection,9,The organization protects power equipment and power cabling for the information system from damage and destruction. ,Power Equipment and Power Cabling,,
NIST SP 800-53,3,4/14/2017,11,Physical and Environmental Protection,10,The organization: Provides the capability of shutting off power to the information system or individual system components in emergency situations; Places emergency shutoff switches or devices in [ Assignment: organization-defined location by information system or system component ] to facilitate safe and easy access for personnel; and Protects emergency power shutoff capability from unauthorized activation. ,Emergency Shutoff,,
NIST SP 800-53,3,4/14/2017,11,Physical and Environmental Protection,11,The organization provides a short-term uninterruptible power supply to facilitate an orderly shutdown of the information system in the event of a primary power source loss. ,Emergency Power,,
NIST SP 800-53,3,4/14/2017,11,Physical and Environmental Protection,12,The organization employs and maintains automatic emergency lighting for the information system that activates in the event of a power outage or disruption and that covers emergency exits and evacuation routes within the facility. ,Emergency Lighting,,
NIST SP 800-53,3,4/14/2017,11,Physical and Environmental Protection,13,The organization employs and maintains fire suppression and detection devices/systems for the information system that are supported by an independent energy source. ,Fire Protection,,
NIST SP 800-53,3,4/14/2017,11,Physical and Environmental Protection,14,The organization: Maintains temperature and humidity levels within the facility where the information system resides at [ Assignment: organization-defined acceptable levels ]; and Monitors temperature and humidity levels [ Assignment: organization-defined frequency ]. ,Temperature and Humidity Controls,,
NIST SP 800-53,3,4/14/2017,11,Physical and Environmental Protection,15,"The organization protects the information system from damage resulting from water leakage by providing master shutoff valves that are accessible, working properly, and known to key personnel. ",Water Damage Protection,,
NIST SP 800-53,3,4/14/2017,11,Physical and Environmental Protection,16,"The organization authorizes, monitors, and controls [ Assignment: organization-defined types of information system components ] entering and exiting the facility and maintains records of those items. ",Delivery and Removal,,
NIST SP 800-53,3,4/14/2017,11,Physical and Environmental Protection,17,"The organization: Employs [ Assignment: organization-defined management, operational, and technical information system security controls ] at alternate work sites; Assesses as feasible, the effectiveness of security controls at alternate work sites; and Provides a means for employees to communicate with information security personnel in case of security incidents or problems. ",Alternate Work Site,,
NIST SP 800-53,3,4/14/2017,11,Physical and Environmental Protection,18,The organization positions information system components within the facility to minimize potential damage from physical and environmental hazards and to minimize the opportunity for unauthorized access. ,Location of Information System Components,,
NIST SP 800-53,3,4/14/2017,11,Physical and Environmental Protection,19,The organization protects the information system from information leakage due to electromagnetic signals emanations. ,Information Leakage,,
NIST SP 800-53,3,4/14/2017,12,Planning,1,"The organization develops, disseminates, and reviews/updates [ Assignment: organization-defined frequency ]: A formal, documented security planning policy that addresses purpose, scope, roles, responsibilities, management commitment, coordination among organizational entities, and compliance; and Formal, documented procedures to facilitate the implementation of the security planning policy and associated security planning controls. ",Security Planning Policy and Procedures,,
NIST SP 800-53,3,4/14/2017,12,Planning,2,The organization: Develops a security plan for the information system that: - Is consistent with the organizations enterprise architecture; - Explicitly defines the authorization boundary for the system; - Describes the operational context of the information system in terms of missions and business processes; - Provides the security categorization of the information system including supporting rationale; - Describes the operational environment for the information system; - Describes relationships with or connections to other information systems; - Provides an overview of the security requirements for the system; - Describes the security controls in place or planned for meeting those requirements including a rationale for the tailoring and supplementation decisions; and - Is reviewed and approved by the authorizing official or designated representative prior to plan implementation; Reviews the security plan for the information system [ Assignment: organization-defined frequency ]; and Updates the plan to address changes to the information system/environment of operation or problems identified during plan implementation or security control assessments. ,System Security Plan,,
NIST SP 800-53,3,4/14/2017,12,Planning,3,[ Withdrawn: Incorporated into PL-2 ]. ,System Security Plan Update,,
NIST SP 800-53,3,4/14/2017,12,Planning,4,"The organization: Establishes and makes readily available to all information system users, the rules that describe their responsibilities and expected behavior with regard to information and information system usage; and Receives signed acknowledgment from users indicating that they have read, understand, and agree to abide by the rules of behavior, before authorizing access to information and the information system. ",Rules of Behavior,,
NIST SP 800-53,3,4/14/2017,12,Planning,5,The organization conducts a privacy impact assessment on the information system in accordance with OMB policy. ,Privacy Impact Assessment,,
NIST SP 800-53,3,4/14/2017,12,Planning,6,"The organization plans and coordinates security-related activities affecting the information system before conducting such activities in order to reduce the impact on organizational operations (i.e., mission, functions, image, and reputation), organizational assets, and individuals. ",Security-related Activity Planning,,
NIST SP 800-53,3,4/14/2017,13,Program Management,1,"The organization: Develops and disseminates an organization-wide information security program plan that: - Provides an overview of the requirements for the security program and a description of the security program management controls and common controls in place or planned for meeting those requirements; - Provides sufficient information about the program management controls and common controls (including specification of parameters for any assignment and selection operations either explicitly or by reference) to enable an implementation that is unambiguously compliant with the intent of the plan and a determination of the risk to be incurred if the plan is implemented as intended; - Includes roles, responsibilities, management commitment, coordination among organizational entities, and compliance; - Is approved by a senior official with responsibility and accountability for the risk being incurred to organizational operations (including mission, functions, image, and reputation), organizational assets, individuals, other organizations, and the Nation; Reviews the organization-wide information security program plan [ Assignment: organization-defined frequency ]; and Revises the plan to address organizational changes and problems identified during plan implementation or security control assessments. ",Information Security Program Plan,,
NIST SP 800-53,3,4/14/2017,13,Program Management,2,"The organization appoints a senior information security officer with the mission and resources to coordinate, develop, implement, and maintain an organization-wide information security program. ",Senior Information Security Officer,,
NIST SP 800-53,3,4/14/2017,13,Program Management,3,The organization: Ensures that all capital planning and investment requests include the resources needed to implement the information security program and documents all exceptions to this requirement; Employs a business case/Exhibit 300/Exhibit 53 to record the resources required; and Ensures that information security resources are available for expenditure as planned. ,Information Security Resources,,
NIST SP 800-53,3,4/14/2017,13,Program Management,4,"The organization implements a process for ensuring that plans of action and milestones for the security program and the associated organizational information systems are maintained and document the remedial information security actions to mitigate risk to organizational operations and assets, individuals, other organizations, and the Nation. ",Plan of Action and Milestones Process,,
NIST SP 800-53,3,4/14/2017,13,Program Management,5,The organization develops and maintains an inventory of its information systems. ,Information System Inventory,,
NIST SP 800-53,3,4/14/2017,13,Program Management,6,"The organization develops, monitors, and reports on the results of information security measures of performance. ",Information Security Measures of Performance,,
NIST SP 800-53,3,4/14/2017,13,Program Management,7,"The organization develops an enterprise architecture with consideration for information security and the resulting risk to organizational operations, organizational assets, individuals, other organizations, and the Nation. ",Enterprise Architecture,,
NIST SP 800-53,3,4/14/2017,13,Program Management,8,"The organization addresses information security issues in the development, documentation, and updating of a critical infrastructure and key resources protection plan. ",Critical Infrastructure Plan,,
NIST SP 800-53,3,4/14/2017,13,Program Management,9,"The organization: Develops a comprehensive strategy to manage risk to organizational operations and assets, individuals, other organizations, and the Nation associated with the operation and use of information systems; and Implements that strategy consistently across the organization. ",Risk Management Strategy,,
NIST SP 800-53,3,4/14/2017,13,Program Management,10,"The organization: Manages (i.e., documents, tracks, and reports) the security state of organizational information systems through security authorization processes; Designates individuals to fulfill specific roles and responsibilities within the organizational risk management process; and Fully integrates the security authorization processes into an organization-wide risk management program. ",Security Authorization Process,,
NIST SP 800-53,3,4/14/2017,13,Program Management,11,"The organization: Defines mission/business processes with consideration for information security and the resulting risk to organizational operations, organizational assets, individuals, other organizations, and the Nation; and Determines information protection needs arising from the defined mission/business processes and revises the processes as necessary, until an achievable set of protection needs is obtained. ",Mission/business Process Definition,,
NIST SP 800-53,3,4/14/2017,14,Personnel Security,1,"The organization develops, disseminates, and reviews/updates [ Assignment: organization-defined frequency ]: A formal, documented personnel security policy that addresses purpose, scope, roles, responsibilities, management commitment, coordination among organizational entities, and compliance; and Formal, documented procedures to facilitate the implementation of the personnel security policy and associated personnel security controls. ",Personnel Security Policy and Procedures,,
NIST SP 800-53,3,4/14/2017,14,Personnel Security,2,The organization: Assigns a risk designation to all positions; Establishes screening criteria for individuals filling those positions; and Reviews and revises position risk designations [ Assignment: organization-defined frequency ]. ,Position Categorization,,
NIST SP 800-53,3,4/14/2017,14,Personnel Security,3,"The organization: Screens individuals prior to authorizing access to the information system; and Rescreens individuals according to [ Assignment: organization-defined list of conditions requiring rescreening and, where re-screening is so indicated, the frequency of such rescreening ]. ",Personnel Screening,,
NIST SP 800-53,3,4/14/2017,14,Personnel Security,4,"The organization, upon termination of individual employment: Terminates information system access; Conducts exit interviews; Retrieves all security-related organizational information system-related property; and Retains access to organizational information and information systems formerly controlled by terminated individual. ",Personnel Termination,,
NIST SP 800-53,3,4/14/2017,14,Personnel Security,5,The organization reviews logical and physical access authorizations to information systems/facilities when personnel are reassigned or transferred to other positions within the organization and initiates [ Assignment: organization-defined transfer or reassignment actions ] within [ Assignment: organization-defined time period following the formal transfer action ]. ,Personnel Transfer,,
NIST SP 800-53,3,4/14/2017,14,Personnel Security,6,The organization: Ensures that individuals requiring access to organizational information and information systems sign appropriate access agreements prior to being granted access; and Reviews/updates the access agreements [ Assignment: organization-defined frequency ]. ,Access Agreements,,
NIST SP 800-53,3,4/14/2017,14,Personnel Security,7,The organization: Establishes personnel security requirements including security roles and responsibilities for third-party providers; Documents personnel security requirements; and Monitors provider compliance. ,Third-party Personnel Security,,
NIST SP 800-53,3,4/14/2017,14,Personnel Security,8,The organization employs a formal sanctions process for personnel failing to comply with established information security policies and procedures. ,Personnel Sanctions,,
NIST SP 800-53,3,4/14/2017,15,Risk Assessment,1,"The organization develops, disseminates, and reviews/updates [ Assignment: organization-defined frequency ]: A formal, documented risk assessment policy that addresses purpose, scope, roles, responsibilities, management commitment, coordination among organizational entities, and compliance; and Formal, documented procedures to facilitate the implementation of the risk assessment policy and associated risk assessment controls. ",Risk Assessment Policy and Procedures,,
NIST SP 800-53,3,4/14/2017,15,Risk Assessment,2,"The organization: Categorizes information and the information system in accordance with applicable federal laws, Executive Orders, directives, policies, regulations, standards, and guidance; Documents the security categorization results (including supporting rationale) in the security plan for the information system; and Ensures the security categorization decision is reviewed and approved by the authorizing official or authorizing official designated representative. ",Security Categorization,,
NIST SP 800-53,3,4/14/2017,15,Risk Assessment,3,"The organization: Conducts an assessment of risk, including the likelihood and magnitude of harm, from the unauthorized access, use, disclosure, disruption, modification, or destruction of the information system and the information it processes, stores, or transmits; Documents risk assessment results in [ Selection: security plan; risk assessment report; [ Assignment: organization-defined document ]]; Reviews risk assessment results [ Assignment: organization-defined frequency ]; and Updates the risk assessment [ Assignment: organization-defined frequency ] or whenever there are significant changes to the information system or environment of operation (including the identification of new threats and vulnerabilities), or other conditions that may impact the security state of the system. ",Risk Assessment,,
NIST SP 800-53,3,4/14/2017,15,Risk Assessment,4,[ Withdrawn: Incorporated into RA-3 ]. ,Risk Assessment Update,,
NIST SP 800-53,3,4/14/2017,15,Risk Assessment,5,"The organization: Scans for vulnerabilities in the information system and hosted applications [ Assignment: organization-defined frequency and/or randomly in accordance with organization-defined process ] and when new vulnerabilities potentially affecting the system/applications are identified and reported; Employs vulnerability scanning tools and techniques that promote interoperability among tools and automate parts of the vulnerability management process by using standards for: Enumerating platforms, software flaws, and improper configurations; Formatting and making transparent, checklists and test procedures; and Measuring vulnerability impact; Analyzes vulnerability scan reports and results from security control assessments; Remediates legitimate vulnerabilities [ Assignment: organization-defined response times ] in accordance with an organizational assessment of risk; and Shares information obtained from the vulnerability scanning process and security control assessments with designated personnel throughout the organization to help eliminate similar vulnerabilities in other information systems (i.e., systemic weaknesses or deficiencies). ",Vulnerability Scanning,,
NIST SP 800-53,3,4/14/2017,16,System and Services Acquisition,1,"The organization develops, disseminates, and reviews/updates [ Assignment: organization-defined frequency ]: A formal, documented system and services acquisition policy that includes information security considerations and that addresses purpose, scope, roles, responsibilities, management commitment, coordination among organizational entities, and compliance; and Formal, documented procedures to facilitate the implementation of the system and services acquisition policy and associated system and services acquisition controls. ",System and Services Acquisition Policy and Procedures,,
NIST SP 800-53,3,4/14/2017,16,System and Services Acquisition,2,"The organization: Includes a determination of information security requirements for the information system in mission/business process planning; Determines, documents, and allocates the resources required to protect the information system as part of its capital planning and investment control process; and Establishes a discrete line item for information security in organizational programming and budgeting documentation. ",Allocation of Resources,,
NIST SP 800-53,3,4/14/2017,16,System and Services Acquisition,3,The organization: Manages the information system using a system development life cycle methodology that includes information security considerations; Defines and documents information system security roles and responsibilities throughout the system development life cycle; and Identifies individuals having information system security roles and responsibilities. ,Life Cycle Support,,
NIST SP 800-53,3,4/14/2017,16,System and Services Acquisition,4,"The organization includes the following requirements and/or specifications, explicitly or by reference, in information system acquisition contracts based on an assessment of risk and in accordance with applicable federal laws, Executive Orders, directives, policies, regulations, and standards: Security functional requirements/specifications; Security-related documentation requirements; and Developmental and evaluation-related assurance requirements. ",Acquisitions,,
NIST SP 800-53,3,4/14/2017,16,System and Services Acquisition,5,"The organization: Obtains, protects as required, and makes available to authorized personnel, administrator documentation for the information system that describes: Secure configuration, installation, and operation of the information system; Effective use and maintenance of security features/functions; and Known vulnerabilities regarding configuration and use of administrative (i.e., privileged) functions; and Obtains, protects as required, and makes available to authorized personnel, user documentation for the information system that describes: User-accessible security features/functions and how to effectively use those security features/functions; Methods for user interaction with the information system, which enables individuals to use the system in a more secure manner; and User responsibilities in maintaining the security of the information and information system; and Documents attempts to obtain information system documentation when such documentation is either unavailable or nonexistent. ",Information System Documentation,,
NIST SP 800-53,3,4/14/2017,16,System and Services Acquisition,6,"The organization: Uses software and associated documentation in accordance with contract agreements and copyright laws; Employs tracking systems for software and associated documentation protected by quantity licenses to control copying and distribution; and Controls and documents the use of peer-to-peer file sharing technology to ensure that this capability is not used for the unauthorized distribution, display, performance, or reproduction of copyrighted work. ",Software Usage Restrictions,,
NIST SP 800-53,3,4/14/2017,16,System and Services Acquisition,7,The organization enforces explicit rules governing the installation of software by users. ,User-installed Software,,
NIST SP 800-53,3,4/14/2017,16,System and Services Acquisition,8,"The organization applies information system security engineering principles in the specification, design, development, implementation, and modification of the information system. ",Security Engineering Principles,,
NIST SP 800-53,3,4/14/2017,16,System and Services Acquisition,9,"The organization: Requires that providers of external information system services comply with organizational information security requirements and employ appropriate security controls in accordance with applicable federal laws, Executive Orders, directives, policies, regulations, standards, and guidance; Defines and documents government oversight and user roles and responsibilities with regard to external information system services; and Monitors security control compliance by external service providers. ",External Information System Services,,
NIST SP 800-53,3,4/14/2017,16,System and Services Acquisition,10,"The organization requires that information system developers/integrators: Perform configuration management during information system design, development, implementation, and operation; Manage and control changes to the information system; Implement only organization-approved changes; Document approved changes to the information system; and Track security flaws and flaw resolution. ",Developer Configuration Management,,
NIST SP 800-53,3,4/14/2017,16,System and Services Acquisition,11,"The organization requires that information system developers/integrators, in consultation with associated security personnel (including security engineers): Create and implement a security test and evaluation plan; Implement a verifiable flaw remediation process to correct weaknesses and deficiencies identified during the security testing and evaluation process; and Document the results of the security testing/evaluation and flaw remediation processes. ",Developer Security Testing,,
NIST SP 800-53,3,4/14/2017,16,System and Services Acquisition,12,"The organization protects against supply chain threats by employing: [ Assignment: organization-defined list of measures to protect against supply chain threats ] as part of a comprehensive, defense-in-breadth information security strategy. ",Supply Chain Protection,,
NIST SP 800-53,3,4/14/2017,16,System and Services Acquisition,13,The organization requires that the information system meets [ Assignment: organization-defined level of trustworthiness ]. ,Trustworthiness,,
NIST SP 800-53,3,4/14/2017,16,System and Services Acquisition,14,The organization: Determines [ Assignment: organization-defined list of critical information system components that require re-implementation ]; and Re-implements or custom develops such information system components. ,Critical Information System Components,,
NIST SP 800-53,3,4/14/2017,17,System and Communications Protection,1,"The organization develops, disseminates, and reviews/updates [ Assignment: organization-defined frequency ]: A formal, documented system and communications protection policy that addresses purpose, scope, roles, responsibilities, management commitment, coordination among organizational entities, and compliance; and Formal, documented procedures to facilitate the implementation of the system and communications protection policy and associated system and communications protection controls. ",System and Communications Protection Policy and Procedures,,
NIST SP 800-53,3,4/14/2017,17,System and Communications Protection,2,The information system separates user functionality (including user interface services) from information system management functionality. ,Application Partitioning,,
NIST SP 800-53,3,4/14/2017,17,System and Communications Protection,3,The information system isolates security functions from nonsecurity functions. ,Security Function Isolation,,
NIST SP 800-53,3,4/14/2017,17,System and Communications Protection,4,The information system prevents unauthorized and unintended information transfer via shared system resources. ,Information In Shared Resources,,
NIST SP 800-53,3,4/14/2017,17,System and Communications Protection,5,The information system protects against or limits the effects of the following types of denial of service attacks: [ Assignment: organization-defined list of types of denial of service attacks or reference to source for current list ]. ,Denial of Service Protection,,
NIST SP 800-53,3,4/14/2017,17,System and Communications Protection,6,The information system limits the use of resources by priority. ,Resource Priority,,
NIST SP 800-53,3,4/14/2017,17,System and Communications Protection,7,The information system: Monitors and controls communications at the external boundary of the system and at key internal boundaries within the system; and Connects to external networks or information systems only through managed interfaces consisting of boundary protection devices arranged in accordance with an organizational security architecture. ,Boundary Protection,,
NIST SP 800-53,3,4/14/2017,17,System and Communications Protection,8,The information system protects the integrity of transmitted information. ,Transmission Integrity,,
NIST SP 800-53,3,4/14/2017,17,System and Communications Protection,9,The information system protects the confidentiality of transmitted information. ,Transmission Confidentiality,,
NIST SP 800-53,3,4/14/2017,17,System and Communications Protection,10,The information system terminates the network connection associated with a communications session at the end of the session or after [ Assignment: organization-defined time period ] of inactivity. ,Network Disconnect,,
NIST SP 800-53,3,4/14/2017,17,System and Communications Protection,11,"The information system establishes a trusted communications path between the user and the following security functions of the system: [ Assignment: organization-defined security functions to include at a minimum, information system authentication and reauthentication ]. ",Trusted Path,,
NIST SP 800-53,3,4/14/2017,17,System and Communications Protection,12,The organization establishes and manages cryptographic keys for required cryptography employed within the information system. ,Cryptographic Key Establishment and Management,,
NIST SP 800-53,3,4/14/2017,17,System and Communications Protection,13,"The information system implements required cryptographic protections using cryptographic modules that comply with applicable federal laws, Executive Orders, directives, policies, regulations, standards, and guidance. ",Use of Cryptography,,
NIST SP 800-53,3,4/14/2017,17,System and Communications Protection,14,The information system protects the integrity and availability of publicly available information and applications. ,Public Access Protections,,
NIST SP 800-53,3,4/14/2017,17,System and Communications Protection,15,The information system: Prohibits remote activation of collaborative computing devices with the following exceptions: [ Assignment: organization-defined exceptions where remote activation is to be allowed ]; and Provides an explicit indication of use to users physically present at the devices. ,Collaborative Computing Devices,,
NIST SP 800-53,3,4/14/2017,17,System and Communications Protection,16,The information system associates security attributes with information exchanged between information systems. ,Transmission of Security Attributes,,
NIST SP 800-53,3,4/14/2017,17,System and Communications Protection,17,The organization issues public key certificates under an [ Assignment: organization-defined certificate policy ] or obtains public key certificates under an appropriate certificate policy from an approved service provider. ,Public Key Infrastructure Certificates,,
NIST SP 800-53,3,4/14/2017,17,System and Communications Protection,18,"The organization: Defines acceptable and unacceptable mobile code and mobile code technologies; Establishes usage restrictions and implementation guidance for acceptable mobile code and mobile code technologies; and Authorizes, monitors, and controls the use of mobile code within the information system. ",Mobile Code,,
NIST SP 800-53,3,4/14/2017,17,System and Communications Protection,19,"The organization: Establishes usage restrictions and implementation guidance for Voice over Internet Protocol (VoIP) technologies based on the potential to cause damage to the information system if used maliciously; and Authorizes, monitors, and controls the use of VoIP within the information system. ",Voice Over Internet Protocol,,
NIST SP 800-53,3,4/14/2017,17,System and Communications Protection,20,The information system provides additional data origin and integrity artifacts along with the authoritative data the system returns in response to name/address resolution queries. ,Secure Name / Address Resolution Service (Authoritative Source),,
NIST SP 800-53,3,4/14/2017,17,System and Communications Protection,21,The information system performs data origin authentication and data integrity verification on the name/address resolution responses the system receives from authoritative sources when requested by client systems. ,Secure Name / Address Resolution Service (Recursive Or Caching Resolver),,
NIST SP 800-53,3,4/14/2017,17,System and Communications Protection,22,The information systems that collectively provide name/address resolution service for an organization are fault-tolerant and implement internal/external role separation. ,Architecture and Provisioning for Name / Address Resolution Service,,
NIST SP 800-53,3,4/14/2017,17,System and Communications Protection,23,The information system provides mechanisms to protect the authenticity of communications sessions. ,Session Authenticity,,
NIST SP 800-53,3,4/14/2017,17,System and Communications Protection,24,The information system fails to a [ Assignment: organization-defined known-state ] for [ Assignment: organization-defined types of failures ] preserving [ Assignment: organization-defined system state information ] in failure. ,Fail In Known State,,
NIST SP 800-53,3,4/14/2017,17,System and Communications Protection,25,The information system employs processing components that have minimal functionality and information storage. ,Thin Nodes,,
NIST SP 800-53,3,4/14/2017,17,System and Communications Protection,26,"The information system includes components specifically designed to be the target of malicious attacks for the purpose of detecting, deflecting, and analyzing such attacks. ",Honeypots,,
NIST SP 800-53,3,4/14/2017,17,System and Communications Protection,27,The information system includes: [ Assignment: organization-defined operating system-independent applications ]. ,Operating System-independent Applications,,
NIST SP 800-53,3,4/14/2017,17,System and Communications Protection,28,The information system protects the confidentiality and integrity of information at rest. ,Protection of Information At Rest,,
NIST SP 800-53,3,4/14/2017,17,System and Communications Protection,29,The organization employs diverse information technologies in the implementation of the information system. ,Heterogeneity,,
NIST SP 800-53,3,4/14/2017,17,System and Communications Protection,30,"The organization employs virtualization techniques to present information system components as other types of components, or components with differing configurations. ",Virtualization Techniques,,
NIST SP 800-53,3,4/14/2017,17,System and Communications Protection,31,The organization requires that information system developers/integrators perform a covert channel analysis to identify those aspects of system communication that are potential avenues for covert storage and timing channels. ,Covert Channel Analysis,,
NIST SP 800-53,3,4/14/2017,17,System and Communications Protection,32,The organization partitions the information system into components residing in separate physical domains (or environments) as deemed necessary. ,Information System Partitioning,,
NIST SP 800-53,3,4/14/2017,17,System and Communications Protection,33,"The information system protects the integrity of information during the processes of data aggregation, packaging, and transformation in preparation for transmission. ",Transmission Preparation Integrity,,
NIST SP 800-53,3,4/14/2017,17,System and Communications Protection,34,"The information system at [ Assignment: organization-defined information system components ]: Loads and executes the operating environment from hardware-enforced, read-only media; and Loads and executes [ Assignment: organization-defined applications ] from hardware-enforced, read-only media. ",Non-modifiable Executable Programs,,
NIST SP 800-53,3,4/14/2017,18,System and Information Integrity,1,"The organization develops, disseminates, and reviews/updates [ Assignment: organization-defined frequency ]: A formal, documented system and information integrity policy that addresses purpose, scope, roles, responsibilities, management commitment, coordination among organizational entities, and compliance; and Formal, documented procedures to facilitate the implementation of the system and information integrity policy and associated system and information integrity controls. ",System and Information Integrity Policy and Procedures,,
NIST SP 800-53,3,4/14/2017,18,System and Information Integrity,2,"The organization: Identifies, reports, and corrects information system flaws; Tests software updates related to flaw remediation for effectiveness and potential side effects on organizational information systems before installation; and Incorporates flaw remediation into the organizational configuration management process. ",Flaw Remediation,,
NIST SP 800-53,3,4/14/2017,18,System and Information Integrity,3,"The organization: Employs malicious code protection mechanisms at information system entry and exit points and at workstations, servers, or mobile computing devices on the network to detect and eradicate malicious code: - Transported by electronic mail, electronic mail attachments, web accesses, removable media, or other common means; or - Inserted through the exploitation of information system vulnerabilities; Updates malicious code protection mechanisms (including signature definitions) whenever new releases are available in accordance with organizational configuration management policy and procedures; Configures malicious code protection mechanisms to: - Perform periodic scans of the information system [ Assignment: organization-defined frequency ] and real-time scans of files from external sources as the files are downloaded, opened, or executed in accordance with organizational security policy; and - [ Selection (one or more): block malicious code; quarantine malicious code; send alert to administrator; [ Assignment: organization-defined action ]] in response to malicious code detection; and Addresses the receipt of false positives during malicious code detection and eradication and the resulting potential impact on the availability of the information system. ",Malicious Code Protection,,
NIST SP 800-53,3,4/14/2017,18,System and Information Integrity,4,"The organization: Monitors events on the information system in accordance with [ Assignment: organization-defined monitoring objectives ] and detects information system attacks; Identifies unauthorized use of the information system; Deploys monitoring devices: (i) strategically within the information system to collect organization-determined essential information; and (ii) at ad hoc locations within the system to track specific types of transactions of interest to the organization; Heightens the level of information system monitoring activity whenever there is an indication of increased risk to organizational operations and assets, individuals, other organizations, or the Nation based on law enforcement information, intelligence information, or other credible sources of information; and Obtains legal opinion with regard to information system monitoring activities in accordance with applicable federal laws, Executive Orders, directives, policies, or regulations. ",Information System Monitoring,,
NIST SP 800-53,3,4/14/2017,18,System and Information Integrity,5,"The organization: Receives information system security alerts, advisories, and directives from designated external organizations on an ongoing basis; Generates internal security alerts, advisories, and directives as deemed necessary; Disseminates security alerts, advisories, and directives to [ Assignment: organization-defined list of personnel (identified by name and/or by role) ]; and Implements security directives in accordance with established time frames, or notifies the issuing organization of the degree of noncompliance. ","Security Alerts, Advisories, and Directives",,
NIST SP 800-53,3,4/14/2017,18,System and Information Integrity,6,The information system verifies the correct operation of security functions [ Selection (one or more): [ Assignment: organization-defined system transitional states ] ; upon command by user with appropriate privilege; periodically every [ Assignment: organization-defined time-period ]] and [ Selection (one or more): notifies system administrator; shuts the system down; restarts the system; [ Assignment: organization-defined alternative action(s) ]] when anomalies are discovered. ,Security Functionality Verification,,
NIST SP 800-53,3,4/14/2017,18,System and Information Integrity,7,The information system detects unauthorized changes to software and information. ,Software and Information Integrity,,
NIST SP 800-53,3,4/14/2017,18,System and Information Integrity,8,"The organization: Employs spam protection mechanisms at information system entry and exit points and at workstations, servers, or mobile computing devices on the network to detect and take action on unsolicited messages transported by electronic mail, electronic mail attachments, web accesses, or other common means; and Updates spam protection mechanisms (including signature definitions) when new releases are available in accordance with organizational configuration management policy and procedures. ",Spam Protection,,
NIST SP 800-53,3,4/14/2017,18,System and Information Integrity,9,The organization restricts the capability to input information to the information system to authorized personnel. ,Information Input Restrictions,,
NIST SP 800-53,3,4/14/2017,18,System and Information Integrity,10,The information system checks the validity of information inputs. ,Information Input Validation,,
NIST SP 800-53,3,4/14/2017,18,System and Information Integrity,11,The information system: Identifies potentially security-relevant error conditions; Generates error messages that provide information necessary for corrective actions without revealing [ Assignment: organization-defined sensitive or potentially harmful information ] in error logs and administrative messages that could be exploited by adversaries; and Reveals error messages only to authorized personnel. ,Error Handling,,
NIST SP 800-53,3,4/14/2017,18,System and Information Integrity,12,"The organization handles and retains both information within and output from the information system in accordance with applicable federal laws, Executive Orders, directives, policies, regulations, standards, and operational requirements. ",Information Output Handling and Retention,,
NIST SP 800-53,3,4/14/2017,18,System and Information Integrity,13,"The organization: Protects the information system from harm by considering mean time to failure for [ Assignment: organization-defined list of information system components ] in specific environments of operation; and Provides substitute information system components, when needed, and a mechanism to exchange active and standby roles of the components. ",Predictable Failure Prevention,,
